,Name,Club,Jersey No.,Nationality,Position,Date of Birth,Height,Weight,First Season in PL,Years in PL
0,Bernd Leno,Arsenal,1,Germany,Goalkeeper,04/03/1992 (29),190cm,83kg,2018/2019,4
1,Rúnar Alex Rúnarsson,Arsenal,13,Iceland,Goalkeeper,18/02/1995 (26),186cm,76kg,2020/2021,2
2,Mat Ryan,Arsenal,33,Australia,Goalkeeper,08/04/1992 (29),184cm,82kg,2017/2018,6
3,Karl Hein,Arsenal,44,Estonia,Goalkeeper,13/04/2002 (19),193cm,NA,2020/2021,2
4,James Hillson,Arsenal,45,England,Goalkeeper,14/01/2001 (20),NA,NA,2020/2021,2
5,Arthur Okonkwo,Arsenal,53,England,Goalkeeper,09/09/2001 (19),NA,NA,2020/2021,2
6,Joel Lopez Salguero,Arsenal,49,Spain,Defender,31/03/2002 (19),NA,NA,2020/2021,2
7,Héctor Bellerín,Arsenal,2,Spain,Defender,19/03/1995 (26),178cm,74kg,2012/2013,10
8,Kieran Tierney,Arsenal,3,Scotland,Defender,05/06/1997 (24),178cm,70kg,2019/2020,3
9,Gabriel Magalhães,Arsenal,6,Brazil,Defender,19/12/1997 (23),190cm,78kg,2020/2021,2
10,Rob Holding,Arsenal,16,England,Defender,20/09/1995 (25),189cm,75kg,2016/2017,6
11,Cédric Soares,Arsenal,17,Portugal,Defender,31/08/1991 (29),172cm,67kg,2015/2016,8
12,Calum Chambers,Arsenal,21,England,Defender,20/01/1995 (26),182cm,66kg,2012/2013,12
13,Pablo Marí,Arsenal,22,Spain,Defender,31/08/1993 (27),193cm,87kg,2019/2020,3
14,David Luiz,Arsenal,23,Brazil,Defender,22/04/1987 (34),189cm,84kg,2010/2011,11
15,Bukayo Saka,Arsenal,7,England,Midfielder,05/09/2001 (19),178cm,65kg,2018/2019,4
16,Dani Ceballos,Arsenal,8,Spain,Midfielder,07/08/1996 (24),179cm,70kg,2019/2020,5
17,Martin Ødegaard,Arsenal,11,Norway,Midfielder,17/12/1998 (22),178cm,68kg,2020/2021,2
18,Thomas Partey,Arsenal,18,Ghana,Midfielder,13/06/1993 (28),185cm,77kg,2020/2021,2
19,Mohamed Elneny,Arsenal,25,Egypt,Midfielder,11/07/1992 (28),180cm,70kg,2015/2016,7
20,Emile Smith Rowe,Arsenal,32,England,Midfielder,28/07/2000 (20),182cm,79kg,2018/2019,4
21,Granit Xhaka,Arsenal,34,Switzerland,Midfielder,27/09/1992 (28),185cm,82kg,2016/2017,6
22,Ben Cottrell,Arsenal,41,England,Midfielder,31/10/2001 (19),NA,NA,2020/2021,3
23,Miguel Azeez,Arsenal,66,England,Midfielder,20/09/2002 (18),NA,NA,2020/2021,3
24,Alexandre Lacazette,Arsenal,9,France,Forward,28/05/1991 (30),175cm,73kg,2017/2018,5
25,Willian,Arsenal,12,Brazil,Forward,09/08/1988 (32),175cm,77kg,2013/2014,10
26,Pierre-Emerick Aubameyang,Arsenal,14,Gabon,Forward,18/06/1989 (32),187cm,80kg,2017/2018,5
27,Nicolas Pépé,Arsenal,19,NA,Forward,NA,NA,NA,2019/2020,3
28,Reiss Nelson,Arsenal,24,England,Forward,10/12/1999 (21),175cm,71kg,2017/2018,5
29,Eddie Nketiah,Arsenal,30,England,Forward,30/05/1999 (22),175cm,72kg,2017/2018,5
30,Gabriel Martinelli,Arsenal,35,Brazil,Forward,18/06/2001 (20),180cm,75kg,2019/2020,3
31,Folarin Balogun,Arsenal,38,England,Forward,03/07/2001 (19),178cm,66kg,2019/2020,3
32,Tom Heaton,Aston Villa,1,England,Goalkeeper,15/04/1986 (35),188cm,85kg,2005/2006,13
33,Jed Steer,Aston Villa,12,England,Goalkeeper,23/09/1992 (28),183cm,80kg,2011/2012,9
34,Emiliano Martínez,Aston Villa,26,Argentina,Goalkeeper,02/09/1992 (28),195cm,88kg,2011/2012,12
35,Akos Onodi,Aston Villa,51,Hungary,Goalkeeper,02/09/2001 (19),NA,NA,2020/2021,2
36,Oliwer Zych,Aston Villa,75,Poland,Goalkeeper,28/06/2004 (17),NA,NA,2020/2021,2
37,Matthew Cash,Aston Villa,2,England,Defender,07/08/1997 (23),185cm,NA,2020/2021,2
38,Neil Taylor,Aston Villa,3,Wales,Defender,07/02/1989 (32),176cm,64kg,2011/2012,9
39,Ezri Konsa Ngoyo,Aston Villa,4,England,Defender,23/10/1997 (23),183cm,77kg,2019/2020,3
40,Tyrone Mings,Aston Villa,5,England,Defender,13/03/1993 (28),196cm,77kg,2015/2016,9
41,Matt Targett,Aston Villa,18,England,Defender,18/09/1995 (25),183cm,70kg,2013/2014,11
42,Björn Engels,Aston Villa,22,Belgium,Defender,15/09/1994 (26),193cm,83kg,2019/2020,3
43,Ahmed El Mohamady,Aston Villa,27,Egypt,Defender,09/09/1987 (33),183cm,75kg,2010/2011,9
44,Kortney Hause,Aston Villa,30,England,Defender,16/07/1995 (25),191cm,77kg,2018/2019,6
45,Jake Walker,Aston Villa,46,England,Defender,03/11/2000 (20),NA,NA,2020/2021,2
46,Sil Swinkels,Aston Villa,72,Netherlands,Defender,06/01/2004 (17),NA,NA,2020/2021,2
47,Frankie Ealing,Aston Villa,74,England,Defender,14/07/2004 (16),NA,NA,2020/2021,2
48,Douglas Luiz,Aston Villa,6,Brazil,Midfielder,09/05/1998 (23),175cm,66kg,2018/2019,4
49,John McGinn,Aston Villa,7,Scotland,Midfielder,18/10/1994 (26),178cm,68kg,2019/2020,3
50,Henri Lansbury,Bristol City,17,England,Midfielder,12/10/1990 (30),183cm,78kg,2006/2007,10
51,Jack Grealish,Aston Villa,10,England,Midfielder,10/09/1995 (25),175cm,68kg,2011/2012,10
52,Trézéguet,Aston Villa,17,Egypt,Midfielder,01/10/1994 (26),180cm,71kg,2019/2020,3
53,Marvelous Nakamba,Aston Villa,19,Zimbabwe,Midfielder,19/01/1994 (27),178cm,71kg,2019/2020,3
54,Ross Barkley,Aston Villa,20,England,Midfielder,05/12/1993 (27),189cm,76kg,2010/2011,14
55,Anwar El Ghazi,Aston Villa,21,Netherlands,Midfielder,03/05/1995 (26),188cm,90kg,2019/2020,3
56,Morgan Sanson,Aston Villa,25,France,Midfielder,18/08/1994 (26),180cm,73kg,2020/2021,2
57,Jacob Ramsey,Aston Villa,41,England,Midfielder,28/05/2001 (20),NA,NA,2019/2020,4
58,Callum Rowe,Aston Villa,47,England,Midfielder,02/09/1999 (21),NA,NA,2020/2021,2
59,Harrison Sohna,Aston Villa,50,England,Midfielder,01/07/2002 (18),NA,NA,2020/2021,2
60,Jaden Philogene-Bidace,Aston Villa,52,England,Midfielder,08/02/2002 (19),NA,NA,2020/2021,2
61,Benjamin Chrisene,Aston Villa,57,England,Midfielder,12/01/2004 (17),NA,NA,2020/2021,2
62,Carney Chukwuemeka,Aston Villa,60,England,Midfielder,20/10/2003 (17),NA,NA,2020/2021,2
63,Kaine Hayden,Aston Villa,62,England,Midfielder,23/10/2002 (18),NA,NA,2020/2021,3
64,Arjan Raikhy,Aston Villa,67,England,Midfielder,20/10/2002 (18),NA,NA,2020/2021,2
65,Brad Young,Aston Villa,68,England,Midfielder,06/01/2003 (18),NA,NA,2020/2021,2
66,Lamar Bogarde,Aston Villa,70,Netherlands,Midfielder,05/01/2004 (17),NA,NA,2020/2021,2
67,Hayden Lindley,Aston Villa,71,England,Midfielder,02/09/2002 (18),NA,NA,2020/2021,2
68,Edward Rowe,Aston Villa,73,England,Midfielder,17/10/2003 (17),NA,NA,2020/2021,2
69,Taylor Jay-Hart,Aston Villa,76,England,Midfielder,18/12/2003 (17),179cm,69kg,2020/2021,2
70,Emiliano Buendía,Aston Villa,NA,Argentina,Midfielder,25/12/1996 (24),172cm,72kg,2019/2020,3
71,Wesley,Aston Villa,9,Brazil,Forward,26/11/1996 (24),191cm,93kg,2019/2020,3
72,Ollie Watkins,Aston Villa,11,England,Forward,30/12/1995 (25),180cm,70kg,2020/2021,2
73,Bertrand Traoré,Aston Villa,15,Burkina Faso,Forward,06/09/1995 (25),181cm,73kg,2013/2014,6
74,Mungo Bridge,Aston Villa,37,England,Forward,12/09/2000 (20),NA,NA,2020/2021,2
75,Keinan Davis,Aston Villa,39,England,Forward,13/02/1998 (23),191cm,68kg,2015/2016,4
76,Michael Tait,Aston Villa,45,England,Forward,29/01/2001 (20),NA,NA,2020/2021,2
77,Louie Barry,Aston Villa,61,England,Forward,21/06/2003 (18),NA,NA,2020/2021,2
78,David Raya Martin,Brentford,1,Spain,Goalkeeper,15/09/1995 (25),183cm,80kg,2021/2022,1
79,Luke Daniels,Brentford,28,England,Goalkeeper,05/01/1988 (33),185cm,81kg,2004/2005,9
80,Nathan Shepperd,Brentford,40,Wales,Goalkeeper,10/09/2000 (20),NA,NA,2021/2022,1
81,Rico Henry,Brentford,3,England,Defender,08/07/1997 (23),170cm,67kg,2021/2022,1
82,Charlie Goode,Brentford,4,England,Defender,03/08/1995 (25),196cm,89kg,2021/2022,1
83,Ethan Pinnock,Brentford,5,Jamaica,Defender,29/05/1993 (28),187cm,79kg,2021/2022,1
84,Pontus Jansson,Brentford,18,Sweden,Defender,13/02/1991 (30),194cm,89kg,2021/2022,1
85,Henrik Dalsgaard,Brentford,22,Denmark,Defender,27/07/1989 (31),192cm,81kg,2021/2022,1
86,Winston Reid,Brentford,23,New Zealand,Defender,03/07/1988 (32),190cm,87kg,2010/2011,10
87,Mads Bech Sørensen,Brentford,29,Denmark,Defender,07/01/1999 (22),189cm,92kg,2021/2022,1
88,Mads Rasmussen,Brentford,30,Denmark,Defender,24/06/1999 (22),184cm,77kg,2021/2022,1
89,Kane O'Connor,Brentford,35,Scotland,Defender,17/01/2001 (20),NA,NA,2021/2022,1
90,Lewis Gordon,Brentford,39,England,Defender,12/02/2001 (20),NA,NA,2021/2022,1
91,Christian Nørgaard,Brentford,6,Denmark,Midfielder,10/03/1994 (27),187cm,76kg,2021/2022,1
92,Mathias Jensen,Brentford,8,Denmark,Midfielder,01/01/1996 (25),180cm,68kg,2021/2022,1
93,Emiliano Marcondes,Brentford,9,Denmark,Midfielder,09/03/1995 (26),182cm,68kg,2021/2022,1
94,Josh Dasilva,Brentford,14,England,Midfielder,23/10/1998 (22),184cm,75kg,2016/2017,4
95,Bryan Mbeumo,Brentford,19,France,Midfielder,07/08/1999 (21),171cm,NA,2021/2022,1
96,Tariqe Fosu-Henry,Brentford,24,Ghana,Midfielder,05/11/1995 (25),180cm,75kg,2021/2022,1
97,Shandon Baptiste,Brentford,26,Grenada,Midfielder,08/04/1998 (23),175cm,71kg,2021/2022,1
98,Vitaly Janelt,Brentford,27,Germany,Midfielder,10/05/1998 (23),184cm,79kg,2021/2022,1
99,Jan Zamburek,Brentford,31,NA,Midfielder,NA,NA,NA,2021/2022,1
100,Paris Maghoma,Brentford,32,England,Midfielder,08/05/2001 (20),NA,NA,2018/2019,2
101,Finley Stevens,Brentford,36,England,Midfielder,10/04/2003 (18),NA,NA,2021/2022,1
102,Maxwell Haygarth,Brentford,38,England,Midfielder,21/01/2002 (19),NA,NA,2021/2022,1
103,Mads Bidstrup,Brentford,41,Denmark,Midfielder,25/02/2001 (20),NA,NA,2021/2022,1
104,Sergi Canós,Brentford,7,Spain,Forward,02/02/1997 (24),177cm,75kg,2015/2016,3
105,Marcus Forss,Brentford,15,Finland,Forward,18/06/1999 (22),182cm,76kg,2021/2022,1
106,Ivan Toney,Brentford,17,England,Forward,16/03/1996 (25),179cm,70kg,2015/2016,2
107,Saman Ghoddos,Brentford,20,Iran,Forward,06/09/1993 (27),176cm,75kg,2021/2022,1
108,Aaron Pressley,Brentford,34,Scotland,Forward,07/11/2001 (19),189cm,NA,2021/2022,1
109,Alex Gilbert,Brentford,37,England,Forward,28/12/2001 (19),NA,NA,2021/2022,1
110,Jason Steele,Brighton and Hove Albion,23,England,Goalkeeper,18/08/1990 (30),188cm,79kg,2007/2008,6
111,Robert Sánchez,Brighton and Hove Albion,26,Spain,Goalkeeper,18/11/1997 (23),197cm,90kg,2018/2019,4
112,Christian Walton,Brighton and Hove Albion,31,England,Goalkeeper,09/11/1995 (25),182cm,75kg,2017/2018,4
113,Thomas McGill,Brighton and Hove Albion,61,England,Goalkeeper,25/03/2000 (21),NA,NA,2020/2021,2
114,Tariq Lamptey,Brighton and Hove Albion,2,England,Defender,30/09/2000 (20),NA,NA,2019/2020,4
115,Ben White,Brighton and Hove Albion,3,England,Defender,08/10/1997 (23),182cm,78kg,2017/2018,6
116,Adam Webster,Brighton and Hove Albion,4,England,Defender,04/01/1995 (26),191cm,75kg,2019/2020,3
117,Lewis Dunk,Brighton and Hove Albion,5,England,Defender,21/11/1991 (29),192cm,88kg,2017/2018,5
118,Michal Karbownik,Brighton and Hove Albion,6,Poland,Defender,13/03/2001 (20),NA,NA,2020/2021,3
119,Dan Burn,Brighton and Hove Albion,33,England,Defender,09/05/1992 (29),198cm,87kg,2011/2012,7
120,Joël Veltman,Brighton and Hove Albion,34,Netherlands,Defender,15/01/1992 (29),184cm,75kg,2020/2021,2
121,Romaric Yapi,Brighton and Hove Albion,52,France,Defender,13/07/2000 (20),NA,NA,2019/2020,4
122,Yves Bissouma,Brighton and Hove Albion,8,Mali,Midfielder,30/08/1996 (24),182cm,80kg,2018/2019,4
123,Alexis Mac Allister,Brighton and Hove Albion,10,Argentina,Midfielder,24/12/1998 (22),174cm,72kg,2018/2019,4
124,Pascal Groß,Brighton and Hove Albion,13,Germany,Midfielder,15/06/1991 (30),181cm,78kg,2017/2018,5
125,Adam Lallana,Brighton and Hove Albion,14,England,Midfielder,10/05/1988 (33),172cm,73kg,2012/2013,11
126,Jakub Moder,Brighton and Hove Albion,15,Poland,Midfielder,07/04/1999 (22),188cm,78kg,2020/2021,3
127,Steven Alzate,Brighton and Hove Albion,17,Colombia,Midfielder,08/09/1998 (22),180cm,75kg,2019/2020,3
128,Solly March,Brighton and Hove Albion,20,England,Midfielder,20/07/1994 (26),180cm,88kg,2017/2018,5
129,Davy Pröpper,Brighton and Hove Albion,24,Netherlands,Midfielder,02/09/1991 (29),185cm,79kg,2017/2018,5
130,Moisés Caicedo,Brighton and Hove Albion,25,Ecuador,Midfielder,02/11/2001 (19),178cm,73kg,2020/2021,2
131,Lars Dendoncker,Brighton and Hove Albion,53,Belgium,Midfielder,03/04/2001 (20),NA,NA,2020/2021,2
132,Jensen Weir,Brighton and Hove Albion,54,England,Midfielder,31/01/2002 (19),NA,NA,2020/2021,2
133,Peter Gwargis,Brighton and Hove Albion,55,Sweden,Midfielder,04/09/2000 (20),NA,NA,2019/2020,4
134,Reda Khadra,Brighton and Hove Albion,67,Germany,Midfielder,04/07/2001 (19),NA,NA,2020/2021,2
135,Teddy Jenks,Brighton and Hove Albion,72,England,Midfielder,12/03/2002 (19),NA,NA,2019/2020,4
136,Aaron Connolly,Brighton and Hove Albion,7,Ireland,Forward,28/01/2000 (21),NA,NA,2017/2018,5
137,Neal Maupay,Brighton and Hove Albion,9,France,Forward,14/08/1996 (24),173cm,69kg,2019/2020,3
138,Leandro Trossard,Brighton and Hove Albion,11,Belgium,Forward,04/12/1994 (26),171cm,61kg,2019/2020,3
139,Alireza Jahanbakhsh,Brighton and Hove Albion,16,Iran,Forward,11/08/1993 (27),180cm,76kg,2018/2019,4
140,Danny Welbeck,Brighton and Hove Albion,18,England,Forward,26/11/1990 (30),185cm,73kg,2007/2008,18
141,José Izquierdo,Brighton and Hove Albion,19,Colombia,Forward,07/07/1992 (28),171cm,73kg,2017/2018,5
142,Florin Andone,Brighton and Hove Albion,21,Romania,Forward,11/04/1993 (28),180cm,78kg,2018/2019,4
143,Percy Tau,Brighton and Hove Albion,22,South Africa,Forward,13/05/1994 (27),175cm,NA,2018/2019,4
144,Andi Zeqiri,Brighton and Hove Albion,29,Switzerland,Forward,22/06/1999 (22),181cm,72kg,2020/2021,2
145,Nick Pope,Burnley,1,England,Goalkeeper,19/04/1992 (29),191cm,76kg,2016/2017,6
146,Bailey Peacock-Farrell,Burnley,15,Northern Ireland,Goalkeeper,29/10/1996 (24),193cm,73kg,2019/2020,3
147,Will Norris,Burnley,25,England,Goalkeeper,12/08/1993 (27),195cm,74kg,2018/2019,4
148,Matthew Lowton,Burnley,2,England,Defender,09/06/1989 (32),180cm,78kg,2012/2013,9
149,Charlie Taylor,Burnley,3,England,Defender,18/09/1993 (27),176cm,70kg,2017/2018,5
150,James Tarkowski,Burnley,5,England,Defender,19/11/1992 (28),185cm,81kg,2016/2017,6
151,Ben Mee,Burnley,6,England,Defender,21/09/1989 (31),180cm,74kg,2009/2010,10
152,Erik Pieters,Burnley,23,Netherlands,Defender,07/08/1988 (32),183cm,84kg,2013/2014,8
153,Phil Bardsley,Burnley,26,Scotland,Defender,28/06/1985 (36),180cm,74kg,2003/2004,21
154,Kevin Long,Burnley,28,Ireland,Defender,18/08/1990 (30),188cm,83kg,2009/2010,8
155,Richard Nartey,Burnley,31,England,Defender,06/09/1998 (22),184cm,84kg,2020/2021,2
156,Jimmy Dunne,Burnley,34,Ireland,Defender,19/10/1997 (23),183cm,75kg,2019/2020,4
157,Anthony Driscoll-Glennon,Burnley,45,England,Defender,26/11/1999 (21),181cm,NA,2018/2019,5
158,Nathan Collins,Burnley,NA,Ireland,Defender,30/04/2001 (20),193cm,NA,2021/2022,1
159,Jack Cork,Burnley,4,England,Midfielder,25/06/1989 (32),183cm,70kg,2005/2006,17
160,Jóhann Gudmundsson,Burnley,7,Iceland,Midfielder,27/10/1990 (30),186cm,78kg,2016/2017,6
161,Josh Brownhill,Burnley,8,England,Midfielder,19/12/1995 (25),180cm,69kg,2019/2020,3
162,Dwight McNeil,Burnley,11,England,Midfielder,22/11/1999 (21),183cm,68kg,2017/2018,5
163,Robbie Brady,Burnley,12,Ireland,Midfielder,14/01/1992 (29),176cm,71kg,2010/2011,12
164,Dale Stephens,Burnley,16,England,Midfielder,12/06/1989 (32),169cm,71kg,2017/2018,6
165,Ashley Westwood,Burnley,18,England,Midfielder,01/04/1990 (31),175cm,80kg,2012/2013,10
166,Anthony Mancini,Burnley,35,France,Midfielder,06/04/2001 (20),180cm,NA,2020/2021,2
167,Lewis Richardson,Burnley,38,England,Midfielder,07/02/2003 (18),NA,NA,2019/2020,4
168,Josh Benson,Burnley,41,England,Midfielder,05/12/1999 (21),NA,NA,2018/2019,5
169,Chris Wood,Burnley,9,New Zealand,Forward,07/12/1991 (29),191cm,81kg,2008/2009,10
170,Ashley Barnes,Burnley,10,England,Forward,30/10/1989 (31),186cm,77kg,2014/2015,7
171,Jay Rodriguez,Burnley,19,England,Forward,29/07/1989 (31),185cm,84kg,2009/2010,10
172,Matej Vydra,Burnley,27,NA,Forward,NA,NA,NA,2013/2014,7
173,Max Thompson,Burnley,33,England,Forward,09/02/2002 (19),NA,NA,2019/2020,4
174,Joel Mumbongo,Burnley,46,Sweden,Forward,09/01/1999 (22),NA,NA,2019/2020,4
175,Kepa Arrizabalaga,Chelsea,1,Spain,Goalkeeper,03/10/1994 (26),189cm,84kg,2018/2019,4
176,Willy Caballero,Chelsea,13,Argentina,Goalkeeper,28/09/1981 (39),186cm,81kg,2014/2015,8
177,Édouard Mendy,Chelsea,16,Senegal,Goalkeeper,01/03/1992 (29),197cm,86kg,2020/2021,2
178,Karlo Ziger,Chelsea,40,Croatia,Goalkeeper,11/05/2001 (20),NA,NA,2019/2020,3
179,Antonio Rüdiger,Chelsea,2,Germany,Defender,03/03/1993 (28),190cm,85kg,2017/2018,5
180,Marcos Alonso,Chelsea,3,Spain,Defender,28/12/1990 (30),188cm,84kg,2010/2011,9
181,Andreas Christensen,Chelsea,4,Denmark,Defender,10/04/1996 (25),187cm,82kg,2012/2013,11
182,Thiago Silva,Chelsea,6,Brazil,Defender,22/09/1984 (36),183cm,79kg,2020/2021,2
183,Kurt Zouma,Chelsea,15,France,Defender,27/10/1994 (26),190cm,96kg,2013/2014,11
184,Ben Chilwell,Chelsea,21,England,Defender,21/12/1996 (24),178cm,77kg,2015/2016,8
185,Reece James,Chelsea,24,England,Defender,08/12/1999 (21),182cm,82kg,2019/2020,3
186,César Azpilicueta,Chelsea,28,Spain,Defender,28/08/1989 (31),178cm,76kg,2012/2013,10
187,Emerson,Chelsea,33,Italy,Defender,03/08/1994 (26),176cm,63kg,2017/2018,5
188,Valentino Livramento,Chelsea,57,England,Defender,12/11/2002 (18),NA,NA,2020/2021,2
189,Jorginho,Chelsea,5,Italy,Midfielder,20/12/1991 (29),180cm,65kg,2018/2019,4
190,N'Golo Kanté,Chelsea,7,France,Midfielder,29/03/1991 (30),168cm,68kg,2015/2016,7
191,Christian Pulisic,Chelsea,10,United States,Midfielder,18/09/1998 (22),172cm,69kg,2018/2019,4
192,Mateo Kovacic,Chelsea,17,Croatia,Midfielder,06/05/1994 (27),178cm,78kg,2018/2019,5
193,Mason Mount,Chelsea,19,England,Midfielder,10/01/1999 (22),178cm,70kg,2019/2020,3
194,Hakim Ziyech,Chelsea,22,Morocco,Midfielder,19/03/1993 (28),180cm,65kg,2020/2021,2
195,Billy Gilmour,Chelsea,23,Scotland,Midfielder,11/06/2001 (20),166cm,60kg,2019/2020,3
196,Kai Havertz,Chelsea,29,Germany,Midfielder,11/06/1999 (22),188cm,83kg,2020/2021,2
197,Faustino Anjorin,Chelsea,55,England,Midfielder,23/11/2001 (19),185cm,73kg,2019/2020,4
198,Lewis Bate,Chelsea,64,England,Midfielder,29/10/2002 (18),NA,NA,2019/2020,4
199,Tammy Abraham,Chelsea,9,England,Forward,02/10/1997 (23),190cm,80kg,2015/2016,8
200,Timo Werner,Chelsea,11,Germany,Forward,06/03/1996 (25),180cm,75kg,2020/2021,2
201,Olivier Giroud,Chelsea,18,France,Forward,30/09/1986 (34),192cm,93kg,2012/2013,11
202,Callum Hudson-Odoi,Chelsea,20,England,Forward,07/11/2000 (20),182cm,76kg,2017/2018,5
203,Jack Butland,Crystal Palace,1,England,Goalkeeper,10/03/1993 (28),196cm,95kg,2012/2013,8
204,Wayne Hennessey,Crystal Palace,13,Wales,Goalkeeper,24/01/1987 (34),198cm,90kg,2003/2004,13
205,Stephen Henderson,Crystal Palace,19,Ireland,Goalkeeper,02/05/1988 (33),193cm,87kg,2006/2007,8
206,Vicente Guaita,Crystal Palace,31,Spain,Goalkeeper,10/01/1987 (34),190cm,81kg,2018/2019,4
207,Joel Ward,Crystal Palace,2,England,Defender,29/10/1989 (31),188cm,83kg,2009/2010,10
208,Patrick van Aanholt,Crystal Palace,3,Netherlands,Defender,29/08/1990 (30),176cm,74kg,2007/2008,19
209,James Tomkins,Crystal Palace,5,England,Defender,29/03/1989 (32),192cm,74kg,2007/2008,15
210,Scott Dann,Crystal Palace,6,England,Defender,14/02/1987 (34),188cm,76kg,2009/2010,12
211,Mamadou Sakho,Crystal Palace,12,France,Defender,13/02/1990 (31),187cm,83kg,2013/2014,11
212,Nathaniel Clyne,Crystal Palace,17,England,Defender,05/04/1991 (30),175cm,67kg,2012/2013,12
213,Gary Cahill,Crystal Palace,24,England,Defender,19/12/1985 (35),193cm,86kg,2004/2005,22
214,Tyrick Mitchell,Crystal Palace,27,England,Defender,01/09/1999 (21),NA,NA,2019/2020,4
215,Martin Kelly,Crystal Palace,34,England,Defender,27/04/1990 (31),191cm,77kg,2008/2009,14
216,Sam Woods,Plymouth Argyle,25,England,Defender,11/09/1998 (22),NA,NA,2018/2019,6
217,Nathan Ferguson,Crystal Palace,36,England,Defender,06/10/2000 (20),178cm,74kg,2017/2018,4
218,Reece Hannam,Crystal Palace,38,England,Defender,11/09/2000 (20),NA,NA,2020/2021,2
219,Luka Milivojevic,Crystal Palace,4,Serbia,Midfielder,07/04/1991 (30),186cm,80kg,2016/2017,6
220,Cheikhou Kouyaté,Crystal Palace,8,Senegal,Midfielder,21/12/1989 (31),189cm,83kg,2014/2015,9
221,Andros Townsend,Crystal Palace,10,England,Midfielder,16/07/1991 (29),181cm,77kg,2008/2009,16
222,Jeffrey Schlupp,Crystal Palace,15,Ghana,Midfielder,23/12/1992 (28),178cm,72kg,2014/2015,9
223,James McArthur,Crystal Palace,18,Scotland,Midfielder,07/10/1987 (33),178cm,75kg,2010/2011,11
224,James McCarthy,Crystal Palace,22,Ireland,Midfielder,12/11/1990 (30),180cm,72kg,2009/2010,14
225,Eberechi Eze,Crystal Palace,25,England,Midfielder,29/06/1998 (22),NA,NA,2020/2021,2
226,Jesurun Rak-Sakyi,Crystal Palace,39,England,Midfielder,05/10/2002 (18),NA,NA,2020/2021,2
227,Jairo Riedewald,Crystal Palace,44,Netherlands,Midfielder,09/09/1996 (24),182cm,79kg,2017/2018,5
228,Jacob Montes,Crystal Palace,NA,United States,Midfielder,20/10/1998 (22),NA,NA,2021/2022,1
229,Jordan Ayew,Crystal Palace,9,Ghana,Forward,11/09/1991 (29),182cm,80kg,2015/2016,8
230,Wilfried Zaha,Crystal Palace,11,NA,Forward,NA,NA,NA,2012/2013,12
231,Jean-Philippe Mateta,Crystal Palace,14,France,Forward,28/06/1997 (24),192cm,88kg,2020/2021,2
232,Christian Benteke,Crystal Palace,20,Belgium,Forward,03/12/1990 (30),190cm,83kg,2012/2013,11
233,Connor Wickham,Crystal Palace,21,England,Forward,31/03/1993 (28),191cm,90kg,2011/2012,11
234,Michy Batshuayi,Crystal Palace,23,Belgium,Forward,02/10/1993 (27),184cm,76kg,2016/2017,9
235,Jordan Pickford,Everton,1,England,Goalkeeper,07/03/1994 (27),185cm,77kg,2011/2012,11
236,João Virgínia,Everton,31,Portugal,Goalkeeper,10/10/1999 (21),191cm,83kg,2018/2019,6
237,Robin Olsen,Everton,33,Sweden,Goalkeeper,08/01/1990 (31),198cm,89kg,2020/2021,2
238,Harry Tyrer,Everton,53,England,Goalkeeper,06/12/2001 (19),NA,NA,2020/2021,2
239,Zan-Luk Leban,Everton,63,Slovenia,Goalkeeper,15/12/2002 (18),NA,NA,2020/2021,2
240,Mason Holgate,Everton,4,England,Defender,22/10/1996 (24),184cm,63kg,2015/2016,7
241,Michael Keane,Everton,5,England,Defender,11/01/1993 (28),191cm,82kg,2011/2012,12
242,Lucas Digne,Everton,12,France,Defender,20/07/1993 (27),178cm,74kg,2018/2019,4
243,Yerry Mina,Everton,13,Colombia,Defender,23/09/1994 (26),195cm,94kg,2018/2019,4
244,Niels Nkounkou,Everton,18,France,Defender,01/11/2000 (20),NA,NA,2020/2021,2
245,Ben Godfrey,Everton,22,England,Defender,15/01/1998 (23),183cm,74kg,2019/2020,3
246,Séamus Coleman,Everton,23,Ireland,Defender,11/10/1988 (32),177cm,67kg,2008/2009,14
247,Ryan Astley,Everton,38,Wales,Defender,04/10/2001 (19),NA,NA,2020/2021,2
248,Kyle John,Everton,48,England,Defender,13/02/2001 (20),NA,NA,2020/2021,2
249,Thierry Small,Everton,51,England,Defender,01/08/2004 (16),NA,NA,2020/2021,2
250,Reece Welch,Everton,64,England,Defender,19/09/2003 (17),NA,NA,2020/2021,2
251,Allan,Everton,6,Brazil,Midfielder,08/01/1991 (30),173cm,73kg,2020/2021,2
252,Fabian Delph,Everton,8,England,Midfielder,21/11/1989 (31),174cm,60kg,2009/2010,16
253,Gylfi Sigurdsson,Everton,10,Iceland,Midfielder,08/09/1989 (31),186cm,79kg,2011/2012,12
254,Abdoulaye Doucouré,Everton,16,France,Midfielder,01/01/1993 (28),184cm,75kg,2015/2016,7
255,James Rodríguez,Everton,19,Colombia,Midfielder,12/07/1991 (29),180cm,75kg,2020/2021,2
256,André Gomes,Everton,21,Portugal,Midfielder,30/07/1993 (27),188cm,84kg,2018/2019,5
257,Jean-Philippe Gbamin,Everton,25,NA,Midfielder,NA,NA,NA,2019/2020,3
258,Tom Davies,Everton,26,England,Midfielder,30/06/1998 (22),180cm,70kg,2015/2016,7
259,Muhamed Besic,Everton,30,NA,Midfielder,NA,NA,NA,2014/2015,9
260,Nathan Broadhead,Everton,34,Wales,Midfielder,05/04/1998 (23),178cm,73kg,2017/2018,4
261,Isaac Price,Everton,60,England,Midfielder,26/09/2003 (17),NA,NA,2020/2021,2
262,Tyler Onyango,Everton,62,England,Midfielder,04/03/2003 (18),NA,NA,2020/2021,2
263,Richarlison,Everton,7,Brazil,Forward,10/05/1997 (24),184cm,83kg,2017/2018,6
264,Dominic Calvert-Lewin,Everton,9,England,Forward,16/03/1997 (24),187cm,71kg,2016/2017,6
265,Joshua King,Everton,11,Norway,Forward,15/01/1992 (29),180cm,74kg,2009/2010,11
266,Alex Iwobi,Everton,17,Nigeria,Forward,03/05/1996 (25),180cm,75kg,2013/2014,10
267,Bernard,Everton,20,Brazil,Forward,08/09/1992 (28),166cm,57kg,2018/2019,4
268,Illan Meslier,Leeds United,1,France,Goalkeeper,02/03/2000 (21),193cm,74kg,2020/2021,3
269,Kiko Casilla,Leeds United,13,Spain,Goalkeeper,02/10/1986 (34),190cm,86kg,2020/2021,2
270,Elia Caprile,Leeds United,25,Italy,Goalkeeper,25/08/2001 (19),NA,NA,2020/2021,3
271,Luke Ayling,Leeds United,2,England,Defender,25/08/1991 (29),185cm,72kg,2007/2008,5
272,Robin Koch,Leeds United,5,Germany,Defender,17/07/1996 (24),192cm,85kg,2020/2021,2
273,Liam Cooper,Leeds United,6,Scotland,Defender,30/08/1991 (29),180cm,73kg,2008/2009,4
274,Diego Llorente,Leeds United,14,Spain,Defender,16/08/1993 (27),186cm,75kg,2020/2021,2
275,Pascal Struijk,Leeds United,21,Netherlands,Defender,11/08/1999 (21),NA,NA,2020/2021,2
276,Leif Davis,Leeds United,24,England,Defender,31/12/1999 (21),166cm,NA,2020/2021,3
277,Gaetano Berardi,Leeds United,28,Switzerland,Defender,21/08/1988 (32),179cm,70kg,2020/2021,3
278,Charlie Cresswell,Leeds United,35,England,Defender,07/12/2002 (18),NA,NA,2020/2021,2
279,Cody Drameh,Leeds United,37,England,Defender,08/12/2001 (19),NA,NA,2020/2021,2
280,Oliver Casey,Leeds United,49,England,Defender,14/10/2000 (20),NA,NA,2020/2021,3
281,Adam Forshaw,Leeds United,4,England,Midfielder,08/10/1991 (29),174cm,71kg,2009/2010,6
282,Ezgjan Alioski,Leeds United,10,North Macedonia,Midfielder,12/02/1992 (29),173cm,63kg,2020/2021,2
283,Stuart Dallas,Leeds United,15,Northern Ireland,Midfielder,19/04/1991 (30),183cm,81kg,2020/2021,2
284,Pablo Hernández,Leeds United,19,Spain,Midfielder,11/04/1985 (36),173cm,64kg,2012/2013,4
285,Jack Harrison,Leeds United,22,England,Midfielder,20/11/1996 (24),175cm,70kg,2018/2019,3
286,Kalvin Phillips,Leeds United,23,England,Midfielder,02/12/1995 (25),178cm,72kg,2020/2021,2
287,Crysencio Summerville,Leeds United,38,Netherlands,Midfielder,30/10/2001 (19),NA,NA,2020/2021,2
288,Mateusz Klich,Leeds United,43,Poland,Midfielder,13/06/1990 (31),183cm,84kg,2020/2021,2
289,Jamie Shackleton,Leeds United,46,England,Midfielder,08/10/1999 (21),168cm,65kg,2020/2021,2
290,Jack Jenkins,Leeds United,47,England,Midfielder,23/03/2002 (19),NA,NA,2020/2021,2
291,Ian Poveda-Ocampo,Leeds United,7,England,Forward,09/02/2000 (21),NA,NA,2018/2019,4
292,Patrick Bamford,Leeds United,9,England,Forward,05/09/1993 (27),185cm,71kg,2011/2012,11
293,Tyler Roberts,Leeds United,11,Wales,Forward,12/01/1999 (22),180cm,75kg,2014/2015,6
294,Hélder Costa,Leeds United,17,Angola,Forward,12/01/1994 (27),178cm,73kg,2018/2019,5
295,Raphinha,Leeds United,18,Brazil,Forward,14/12/1996 (24),176cm,68kg,2020/2021,2
296,Rodrigo,Leeds United,20,Spain,Forward,06/03/1991 (30),182cm,77kg,2010/2011,3
297,Joe Gelhardt,Leeds United,30,England,Forward,04/05/2002 (19),175cm,65kg,2020/2021,2
298,Sam Greenwood,Leeds United,42,England,Forward,26/01/2002 (19),185cm,NA,2020/2021,2
299,Niall Huggins,Leeds United,52,Wales,Forward,18/12/2000 (20),NA,NA,2020/2021,2
300,Kasper Schmeichel,Leicester City,1,Denmark,Goalkeeper,05/11/1986 (34),189cm,89kg,2003/2004,14
301,Danny Ward,Leicester City,12,Wales,Goalkeeper,22/06/1993 (28),191cm,88kg,2012/2013,13
302,Eldin Jakupovic,Leicester City,35,Switzerland,Goalkeeper,02/10/1984 (36),191cm,85kg,2013/2014,8
303,Jakub Stolarczyk,Leicester City,51,Poland,Goalkeeper,19/12/2000 (20),NA,NA,2020/2021,3
304,James Justin,Leicester City,2,England,Defender,23/02/1998 (23),183cm,80kg,2019/2020,3
305,Wesley Fofana,Leicester City,3,France,Defender,17/12/2000 (20),190cm,NA,2020/2021,2
306,Çaglar Söyüncü,Leicester City,4,Turkey,Defender,23/05/1996 (25),185cm,82kg,2018/2019,4
307,Wes Morgan,Leicester City,5,Jamaica,Defender,21/01/1984 (37),186cm,101kg,2014/2015,8
308,Jonny Evans,Leicester City,6,Northern Ireland,Defender,03/01/1988 (33),188cm,77kg,2006/2007,18
309,Daniel Amartey,Leicester City,18,Ghana,Defender,21/12/1994 (26),186cm,79kg,2015/2016,7
310,Ricardo Pereira,Leicester City,21,Portugal,Defender,06/10/1993 (27),175cm,70kg,2018/2019,4
311,Timothy Castagne,Leicester City,27,Belgium,Defender,05/12/1995 (25),185cm,80kg,2020/2021,2
312,Christian Fuchs,Leicester City,28,Austria,Defender,07/04/1986 (35),187cm,89kg,2015/2016,7
313,Luke Thomas,Leicester City,33,England,Defender,10/06/2001 (20),NA,NA,2019/2020,4
314,Vontae Daley-Campbell,Leicester City,46,England,Defender,02/04/2001 (20),NA,NA,2019/2020,4
315,Ben Nelson,Leicester City,59,England,Defender,18/03/2004 (17),NA,NA,2020/2021,2
316,Youri Tielemans,Leicester City,8,Belgium,Midfielder,07/05/1997 (24),176cm,72kg,2018/2019,5
317,James Maddison,Leicester City,10,England,Midfielder,23/11/1996 (24),175cm,73kg,2015/2016,5
318,Marc Albrighton,Leicester City,11,England,Midfielder,18/11/1989 (31),175cm,74kg,2008/2009,14
319,Harvey Barnes,Leicester City,15,England,Midfielder,09/12/1997 (23),174cm,66kg,2016/2017,6
320,Cengiz Ünder,Leicester City,19,Turkey,Midfielder,14/07/1997 (23),173cm,66kg,2020/2021,2
321,Hamza Choudhury,Leicester City,20,England,Midfielder,01/10/1997 (23),178cm,64kg,2017/2018,5
322,Nampalys Mendy,Leicester City,24,Senegal,Midfielder,23/06/1992 (29),167cm,73kg,2016/2017,7
323,Wilfred Ndidi,Leicester City,25,Nigeria,Midfielder,16/12/1996 (24),183cm,74kg,2016/2017,6
324,Dennis Praet,Leicester City,26,Belgium,Midfielder,14/05/1994 (27),181cm,78kg,2019/2020,3
325,Ethan Fitzhugh,Leicester City,37,England,Midfielder,27/11/2002 (18),NA,NA,2019/2020,4
326,Thakgalo Leshabela,Leicester City,38,South Africa,Midfielder,18/09/1999 (21),175cm,72kg,2018/2019,5
327,Sidnei Tavares,Leicester City,50,Portugal,Midfielder,29/09/2001 (19),NA,NA,2019/2020,4
328,Shane Flynn,Leicester City,53,Ireland,Midfielder,14/10/2001 (19),NA,NA,2020/2021,2
329,Thanawat Suengchitthawon,Leicester City,64,Thailand,Midfielder,08/01/2000 (21),NA,NA,2020/2021,2
330,Tawanda Maswanhise,Leicester City,65,England,Midfielder,20/11/2002 (18),NA,NA,2020/2021,2
331,Jamie Vardy,Leicester City,9,England,Forward,11/01/1987 (34),179cm,74kg,2014/2015,8
332,Kelechi Iheanacho,Leicester City,14,Nigeria,Forward,03/10/1996 (24),185cm,82kg,2014/2015,9
333,Ayoze Pérez,Leicester City,17,Spain,Forward,29/07/1993 (27),178cm,72kg,2014/2015,8
334,Alisson,Liverpool,1,Brazil,Goalkeeper,02/10/1992 (28),191cm,91kg,2018/2019,4
335,Adrián,Liverpool,13,Spain,Goalkeeper,03/01/1987 (34),190cm,80kg,2013/2014,10
336,Harvey Davies,Liverpool,53,England,Goalkeeper,03/09/2003 (17),NA,NA,2020/2021,2
337,Caoimhin Kelleher,Liverpool,62,Ireland,Goalkeeper,23/11/1998 (22),178cm,74kg,2016/2017,5
338,Jakub Ojrzynski,Liverpool,75,Poland,Goalkeeper,19/02/2003 (18),NA,NA,2020/2021,2
339,Liam Hughes,Liverpool,98,Northern Ireland,Goalkeeper,19/09/2001 (19),NA,NA,2020/2021,2
340,Virgil van Dijk,Liverpool,4,Netherlands,Defender,08/07/1991 (29),193cm,92kg,2015/2016,8
341,Joseph Gomez,Liverpool,12,England,Defender,23/05/1997 (24),188cm,77kg,2015/2016,7
342,Ozan Kabak,Liverpool,19,Turkey,Defender,25/03/2000 (21),186cm,86kg,2020/2021,2
343,Konstantinos Tsimikas,Liverpool,21,Greece,Defender,12/05/1996 (25),178cm,77kg,2020/2021,2
344,Andrew Robertson,Liverpool,26,Scotland,Defender,11/03/1994 (27),178cm,64kg,2014/2015,7
345,Ben Davies,Liverpool,28,England,Defender,11/08/1995 (25),185cm,76kg,2020/2021,2
346,Joel Matip,Liverpool,32,Cameroon,Defender,08/08/1991 (29),195cm,90kg,2016/2017,6
347,Rhys Williams,Liverpool,46,England,Defender,03/02/2001 (20),NA,NA,2020/2021,2
348,Nathaniel Phillips,Liverpool,47,England,Defender,21/03/1997 (24),190cm,NA,2018/2019,4
349,Trent Alexander-Arnold,Liverpool,66,England,Defender,07/10/1998 (22),175cm,69kg,2015/2016,7
350,Neco Williams,Liverpool,76,Wales,Defender,13/04/2001 (20),183cm,72kg,2019/2020,3
351,Billy Koumetio,Liverpool,89,France,Defender,14/11/2002 (18),NA,NA,2019/2020,4
352,Fabinho,Liverpool,3,Brazil,Midfielder,23/10/1993 (27),188cm,78kg,2018/2019,4
353,Georginio Wijnaldum,Liverpool,5,Netherlands,Midfielder,11/11/1990 (30),175cm,69kg,2015/2016,7
354,Thiago,Liverpool,6,Spain,Midfielder,11/04/1991 (30),174cm,70kg,2020/2021,2
355,James Milner,Liverpool,7,England,Midfielder,04/01/1986 (35),175cm,70kg,2001/2002,24
356,Naby Keita,Liverpool,8,Guinea,Midfielder,10/02/1995 (26),172cm,64kg,2018/2019,4
357,Jordan Henderson,Liverpool,14,England,Midfielder,17/06/1990 (31),182cm,67kg,2008/2009,14
358,Alex Oxlade-Chamberlain,Liverpool,15,England,Midfielder,15/08/1993 (27),180cm,70kg,2011/2012,12
359,Curtis Jones,Liverpool,17,England,Midfielder,30/01/2001 (20),185cm,75kg,2017/2018,6
360,Xherdan Shaqiri,Liverpool,23,Switzerland,Midfielder,10/10/1991 (29),169cm,72kg,2015/2016,7
361,Jake Cain,Liverpool,64,England,Midfielder,02/09/2001 (19),NA,NA,2019/2020,4
362,Leighton Clarkson,Liverpool,65,England,Midfielder,19/10/2001 (19),175cm,62kg,2019/2020,4
363,Ben Woodburn,Liverpool,58,Wales,Midfielder,15/10/1999 (21),174cm,72kg,2016/2017,8
364,Roberto Firmino,Liverpool,9,Brazil,Forward,02/10/1991 (29),181cm,76kg,2015/2016,7
365,Sadio Mané,Liverpool,10,Senegal,Forward,10/04/1992 (29),175cm,69kg,2014/2015,8
366,Mohamed Salah,Liverpool,11,Egypt,Forward,15/06/1992 (29),175cm,71kg,2013/2014,8
367,Diogo Jota,Liverpool,20,Portugal,Forward,04/12/1996 (24),178cm,68kg,2018/2019,6
368,Divock Origi,Liverpool,27,Belgium,Forward,18/04/1995 (26),185cm,75kg,2014/2015,8
369,Zack Steffen,Manchester City,13,United States,Goalkeeper,02/04/1995 (26),191cm,86kg,2019/2020,3
370,Ederson,Manchester City,31,Brazil,Goalkeeper,17/08/1993 (27),188cm,86kg,2017/2018,5
371,Scott Carson,Manchester City,33,England,Goalkeeper,03/09/1985 (35),190cm,76kg,2002/2003,13
372,James Trafford,Manchester City,85,England,Goalkeeper,10/10/2002 (18),NA,NA,2020/2021,2
373,Kyle Walker,Manchester City,2,England,Defender,28/05/1990 (31),178cm,70kg,2009/2010,15
374,Rúben Dias,Manchester City,3,Portugal,Defender,14/05/1997 (24),186cm,76kg,2020/2021,2
375,John Stones,Manchester City,5,England,Defender,28/05/1994 (27),188cm,70kg,2012/2013,11
376,Nathan Aké,Manchester City,6,Netherlands,Defender,18/02/1995 (26),180cm,75kg,2012/2013,12
377,Oleksandr Zinchenko,Manchester City,11,Ukraine,Defender,15/12/1996 (24),175cm,64kg,2016/2017,6
378,Aymeric Laporte,Manchester City,14,Spain,Defender,27/05/1994 (27),191cm,86kg,2017/2018,5
379,Benjamin Mendy,Manchester City,22,France,Defender,17/07/1994 (26),185cm,85kg,2017/2018,5
380,João Cancelo,Manchester City,27,Portugal,Defender,27/05/1994 (27),182cm,74kg,2019/2020,3
381,Eric García,Manchester City,50,Spain,Defender,09/01/2001 (20),182cm,76kg,2018/2019,4
382,Luke Mbete,Manchester City,79,England,Defender,18/09/2003 (17),NA,NA,2020/2021,2
383,Ilkay Gündogan,Manchester City,8,Germany,Midfielder,24/10/1990 (30),180cm,80kg,2016/2017,6
384,Rodri,Manchester City,16,Spain,Midfielder,22/06/1996 (25),191cm,82kg,2019/2020,3
385,Kevin De Bruyne,Manchester City,17,Belgium,Midfielder,28/06/1991 (30),181cm,68kg,2011/2012,9
386,Bernardo Silva,Manchester City,20,Portugal,Midfielder,10/08/1994 (26),173cm,64kg,2017/2018,5
387,Fernandinho,Manchester City,25,Brazil,Midfielder,04/05/1985 (36),179cm,67kg,2013/2014,9
388,Phil Foden,Manchester City,47,England,Midfielder,28/05/2000 (21),171cm,70kg,2016/2017,6
389,Felix Nmecha,Manchester City,61,England,Midfielder,10/10/2000 (20),NA,NA,2018/2019,4
390,Tommy Doyle,Manchester City,69,England,Midfielder,17/10/2001 (19),NA,NA,2019/2020,5
391,Cole Palmer,Manchester City,80,England,Midfielder,06/05/2002 (19),NA,NA,2019/2020,4
392,Claudio Gomes,Manchester City,81,France,Midfielder,23/07/2000 (20),164cm,NA,2018/2019,4
393,Adrián Bernabé,Manchester City,82,Spain,Midfielder,26/05/2001 (20),NA,NA,2018/2019,5
394,Raheem Sterling,Manchester City,7,England,Forward,08/12/1994 (26),170cm,69kg,2011/2012,11
395,Gabriel Jesus,Manchester City,9,Brazil,Forward,03/04/1997 (24),175cm,73kg,2016/2017,6
396,Sergio Agüero,Manchester City,10,Argentina,Forward,02/06/1988 (33),173cm,70kg,2011/2012,11
397,Ferran Torres,Manchester City,21,Spain,Forward,29/02/2000 (21),184cm,77kg,2020/2021,2
398,Riyad Mahrez,Manchester City,26,Algeria,Forward,21/02/1991 (30),179cm,67kg,2014/2015,8
399,Liam Delap,Manchester City,48,England,Forward,08/02/2003 (18),NA,NA,2020/2021,2
400,David de Gea,Manchester United,1,Spain,Goalkeeper,07/11/1990 (30),192cm,76kg,2011/2012,11
401,Lee Grant,Manchester United,13,England,Goalkeeper,27/01/1983 (38),193cm,83kg,2000/2001,9
402,Sergio Romero,Manchester United,22,Argentina,Goalkeeper,22/02/1987 (34),192cm,87kg,2015/2016,7
403,Dean Henderson,Manchester United,26,England,Goalkeeper,12/03/1997 (24),188cm,85kg,2015/2016,7
404,Nathan Bishop,Manchester United,30,England,Goalkeeper,15/10/1999 (21),185cm,72kg,2019/2020,3
405,Victor Lindelöf,Manchester United,2,Sweden,Defender,17/07/1994 (26),187cm,80kg,2017/2018,5
406,Eric Bailly,Manchester United,3,NA,Defender,NA,NA,NA,2016/2017,6
407,Phil Jones,Manchester United,4,England,Defender,21/02/1992 (29),180cm,71kg,2009/2010,13
408,Harry Maguire,Manchester United,5,England,Defender,05/03/1993 (28),194cm,100kg,2014/2015,8
409,Luke Shaw,Manchester United,23,England,Defender,12/07/1995 (25),185cm,75kg,2012/2013,10
410,Alex Telles,Manchester United,27,Brazil,Defender,15/12/1992 (28),181cm,71kg,2020/2021,2
411,Aaron Wan-Bissaka,Manchester United,29,England,Defender,26/11/1997 (23),183cm,72kg,2016/2017,7
412,Brandon Williams,Manchester United,33,England,Defender,03/09/2000 (20),171cm,63kg,2019/2020,3
413,Axel Tuanzebe,Manchester United,38,England,Defender,14/11/1997 (23),186cm,75kg,2015/2016,8
414,William Fish,Manchester United,48,England,Defender,17/02/2003 (18),NA,NA,2020/2021,2
415,Paul Pogba,Manchester United,6,France,Midfielder,15/03/1993 (28),191cm,84kg,2009/2010,9
416,Juan Mata,Manchester United,8,Spain,Midfielder,28/04/1988 (33),170cm,63kg,2011/2012,12
417,Fred,Manchester United,17,Brazil,Midfielder,05/03/1993 (28),169cm,64kg,2018/2019,4
418,Bruno Fernandes,Manchester United,18,Portugal,Midfielder,08/09/1994 (26),179cm,69kg,2019/2020,3
419,Daniel James,Manchester United,21,Wales,Midfielder,10/11/1997 (23),171cm,76kg,2015/2016,6
420,Nemanja Matic,Manchester United,31,Serbia,Midfielder,01/08/1988 (32),194cm,85kg,2009/2010,12
421,Donny van de Beek,Manchester United,34,Netherlands,Midfielder,18/04/1997 (24),184cm,76kg,2020/2021,2
422,Scott McTominay,Manchester United,39,Scotland,Midfielder,08/12/1996 (24),193cm,88kg,2016/2017,6
423,Hannibal Mejbri,Manchester United,46,Tunisia,Midfielder,21/01/2003 (18),NA,NA,2020/2021,2
424,Ethan Galbraith,Manchester United,54,Northern Ireland,Midfielder,11/05/2001 (20),175cm,67kg,2019/2020,4
425,Edinson Cavani,Manchester United,7,Uruguay,Forward,14/02/1987 (34),184cm,71kg,2020/2021,2
426,Anthony Martial,Manchester United,9,France,Forward,05/12/1995 (25),181cm,76kg,2015/2016,7
427,Marcus Rashford,Manchester United,10,England,Forward,31/10/1997 (23),180cm,70kg,2015/2016,7
428,Mason Greenwood,Manchester United,11,England,Forward,01/10/2001 (19),181cm,70kg,2018/2019,5
429,Amad,Manchester United,19,NA,Forward,NA,NA,NA,2020/2021,3
430,Anthony Elanga,Manchester United,56,Sweden,Forward,27/04/2002 (19),NA,NA,2020/2021,3
431,Shola Shoretire,Manchester United,74,England,Forward,02/02/2004 (17),NA,NA,2020/2021,2
432,Martin Dúbravka,Newcastle United,1,Slovakia,Goalkeeper,15/01/1989 (32),190cm,83kg,2017/2018,5
433,Karl Darlow,Newcastle United,26,England,Goalkeeper,08/10/1990 (30),190cm,88kg,2014/2015,7
434,Mark Gillespie,Newcastle United,29,England,Goalkeeper,27/03/1992 (29),192cm,83kg,2020/2021,2
435,Daniel Langley,Newcastle United,41,England,Goalkeeper,28/12/2000 (20),NA,NA,2020/2021,2
436,Ciaran Clark,Newcastle United,2,Ireland,Defender,26/09/1989 (31),185cm,88kg,2008/2009,13
437,Paul Dummett,Newcastle United,3,Wales,Defender,26/09/1991 (29),183cm,82kg,2011/2012,10
438,Fabian Schär,Newcastle United,5,Switzerland,Defender,20/12/1991 (29),188cm,84kg,2018/2019,4
439,Jamaal Lascelles,Newcastle United,6,England,Defender,11/11/1993 (27),188cm,89kg,2014/2015,7
440,Jamal Lewis,Newcastle United,15,Northern Ireland,Defender,25/01/1998 (23),178cm,70kg,2019/2020,3
441,Emil Krafth,Newcastle United,17,Sweden,Defender,02/08/1994 (26),184cm,83kg,2019/2020,3
442,Federico Fernández,Newcastle United,18,Argentina,Defender,21/02/1989 (32),190cm,83kg,2014/2015,8
443,Javier Manquillo,Newcastle United,19,Spain,Defender,05/05/1994 (27),178cm,76kg,2014/2015,7
444,Henri Saivet,Newcastle United,28,Senegal,Midfielder,26/10/1990 (30),174cm,76kg,2015/2016,5
445,Matthew Longstaff,Newcastle United,4,England,Midfielder,21/03/2000 (21),NA,NA,2019/2020,4
446,Jonjo Shelvey,Newcastle United,8,England,Midfielder,27/02/1992 (29),184cm,80kg,2010/2011,12
447,Matt Ritchie,Newcastle United,11,Scotland,Midfielder,10/09/1989 (31),172cm,76kg,2009/2010,8
448,Isaac Hayden,Newcastle United,14,England,Midfielder,22/03/1995 (26),185cm,79kg,2013/2014,7
449,Jeff Hendrick,Newcastle United,16,Ireland,Midfielder,31/01/1992 (29),185cm,79kg,2016/2017,6
450,Ryan Fraser,Newcastle United,21,Scotland,Midfielder,24/02/1994 (27),163cm,70kg,2016/2017,6
451,Jacob Murphy,Newcastle United,23,England,Midfielder,24/02/1995 (26),179cm,74kg,2013/2014,7
452,Miguel Almirón,Newcastle United,24,Paraguay,Midfielder,10/02/1994 (27),174cm,70kg,2018/2019,4
453,Joseph Willock,Newcastle United,28,England,Midfielder,20/08/1999 (21),179cm,71kg,2017/2018,6
454,Christian Atsu,Newcastle United,30,Ghana,Midfielder,10/01/1992 (29),165cm,65kg,2013/2014,11
455,Sean Longstaff,Newcastle United,36,England,Midfielder,30/10/1997 (23),180cm,65kg,2018/2019,4
456,Elliot Anderson,Newcastle United,57,England,Midfielder,06/11/2002 (18),NA,NA,2020/2021,2
457,Andy Carroll,Newcastle United,7,England,Forward,06/01/1989 (32),193cm,79kg,2006/2007,18
458,Joelinton,Newcastle United,9,Brazil,Forward,14/08/1996 (24),186cm,81kg,2019/2020,3
459,Allan Saint-Maximin,Newcastle United,10,France,Forward,12/03/1997 (24),173cm,67kg,2019/2020,3
460,Dwight Gayle,Newcastle United,12,England,Forward,17/10/1989 (31),174cm,78kg,2013/2014,9
461,Callum Wilson,Newcastle United,13,England,Forward,27/02/1992 (29),180cm,66kg,2015/2016,7
462,Tim Krul,Norwich City,1,Netherlands,Goalkeeper,03/04/1988 (33),188cm,84kg,2006/2007,15
463,Ørjan Nyland,Norwich City,12,Norway,Goalkeeper,10/09/1990 (30),192cm,90kg,2019/2020,3
464,Michael McGovern,Norwich City,33,Northern Ireland,Goalkeeper,12/07/1984 (36),191cm,89kg,2019/2020,2
465,Aston Oxborough,Norwich City,38,England,Goalkeeper,09/05/1998 (23),NA,NA,2019/2020,2
466,Daniel Barden,Norwich City,50,Wales,Goalkeeper,02/01/2001 (20),NA,NA,2021/2022,1
467,Jon McCracken,Norwich City,52,Scotland,Goalkeeper,24/05/2000 (21),NA,NA,2021/2022,1
468,Angus Gunn,Norwich City,NA,England,Goalkeeper,22/01/1996 (25),196cm,77kg,2016/2017,5
469,Max Aarons,Norwich City,2,England,Defender,04/01/2000 (21),178cm,69kg,2019/2020,2
470,Sam Byram,Norwich City,3,England,Defender,16/09/1993 (27),180cm,72kg,2015/2016,7
471,Grant Hanley,Norwich City,5,Scotland,Defender,20/11/1991 (29),187cm,81kg,2009/2010,6
472,Christoph Zimmermann,Norwich City,6,Germany,Defender,12/01/1993 (28),194cm,92kg,2019/2020,2
473,Xavi Quintillá,Norwich City,16,Spain,Defender,23/08/1996 (24),183cm,70kg,2021/2022,1
474,Bali Mumba,Norwich City,26,England,Defender,01/10/2001 (19),NA,NA,2021/2022,1
475,Dimitris Giannoulis,Norwich City,30,Greece,Defender,17/10/1995 (25),175cm,62kg,2021/2022,1
476,Ben Gibson,Norwich City,34,England,Defender,15/01/1993 (28),185cm,78kg,2016/2017,5
477,Akin Famewo,Charlton Athletic,5,England,Defender,09/11/1998 (22),187cm,66kg,2019/2020,2
478,Andrew Omobamidele,Norwich City,44,Ireland,Defender,23/06/2002 (19),188cm,NA,2021/2022,1
479,Lukas Rupp,Norwich City,7,Germany,Midfielder,08/01/1991 (30),178cm,73kg,2019/2020,2
480,Mario Vrancic,Norwich City,8,NA,Midfielder,NA,NA,NA,2019/2020,2
481,Kieran Dowell,Norwich City,10,England,Midfielder,10/10/1997 (23),175cm,70kg,2014/2015,7
482,Przemyslaw Placheta,Norwich City,11,Poland,Midfielder,23/03/1998 (23),177cm,72kg,2021/2022,1
483,Todd Cantwell,Norwich City,14,England,Midfielder,27/02/1998 (23),177cm,70kg,2019/2020,2
484,Marco Stiepermann,Norwich City,18,Germany,Midfielder,09/02/1991 (30),190cm,86kg,2019/2020,2
485,Jacob Sørensen,Norwich City,19,Denmark,Midfielder,03/03/1998 (23),NA,NA,2021/2022,1
486,Oliver Skipp,Norwich City,20,England,Midfielder,16/09/2000 (20),175cm,70kg,2018/2019,4
487,Kenny McLean,Norwich City,23,Scotland,Midfielder,08/01/1992 (29),183cm,70kg,2019/2020,2
488,Josh Martin,Norwich City,24,England,Midfielder,09/09/2001 (19),NA,NA,2019/2020,2
489,Onel Hernández,Norwich City,25,Cuba,Midfielder,01/02/1993 (28),172cm,76kg,2019/2020,2
490,Melvin Sitti,Norwich City,28,France,Midfielder,14/02/2000 (21),182cm,NA,2019/2020,2
491,Reece McAlear,Norwich City,42,Scotland,Midfielder,12/02/2002 (19),185cm,NA,2021/2022,1
492,Milot Rashica,Norwich City,NA,Kosovo,Midfielder,28/06/1996 (25),177cm,73kg,2021/2022,1
493,Sebastian Soto,Norwich City,NA,United States,Forward,28/07/2000 (20),183cm,75kg,2021/2022,1
494,Jordan Hugill,Norwich City,9,England,Forward,04/06/1992 (29),183cm,64kg,2017/2018,4
495,Teemu Pukki,Norwich City,22,Finland,Forward,29/03/1990 (31),180cm,75kg,2019/2020,2
496,Adam Idah,Norwich City,35,Ireland,Forward,11/02/2001 (20),190cm,83kg,2019/2020,2
497,Thomas Dickson-Peters,Norwich City,57,Scotland,Forward,16/09/2002 (18),NA,NA,2021/2022,1
498,Alex McCarthy,Southampton,1,England,Goalkeeper,03/12/1989 (31),193cm,79kg,2012/2013,10
499,Harry Lewis,Southampton,41,England,Goalkeeper,20/12/1997 (23),191cm,77kg,2016/2017,7
500,Fraser Forster,Southampton,44,England,Goalkeeper,17/03/1988 (33),201cm,93kg,2006/2007,13
501,Kyle Walker-Peters,Southampton,2,England,Defender,13/04/1997 (24),173cm,62kg,2015/2016,10
502,Ryan Bertrand,Southampton,3,England,Defender,05/08/1989 (31),179cm,85kg,2005/2006,19
503,Jannik Vestergaard,Southampton,4,Denmark,Defender,03/08/1992 (28),199cm,98kg,2018/2019,4
504,Jack Stephens,Southampton,5,England,Defender,27/01/1994 (27),185cm,75kg,2012/2013,12
505,Mohammed Salisu,Southampton,22,Ghana,Defender,17/04/1999 (22),191cm,82kg,2020/2021,2
506,Kayne Ramsay,Southampton,31,England,Defender,10/10/2000 (20),NA,NA,2018/2019,5
507,Jan Bednarek,Southampton,35,Poland,Defender,12/04/1996 (25),189cm,77kg,2017/2018,5
508,Allan Tchaptchet,Southampton,62,France,Defender,21/12/2001 (19),NA,NA,2020/2021,2
509,Oriol Romeu,Southampton,6,Spain,Midfielder,24/09/1991 (29),183cm,83kg,2011/2012,12
510,James Ward-Prowse,Southampton,8,England,Midfielder,01/11/1994 (26),173cm,66kg,2012/2013,10
511,Nathan Redmond,Southampton,11,England,Midfielder,06/03/1994 (27),173cm,69kg,2009/2010,10
512,Moussa Djenepo,Southampton,12,Mali,Midfielder,15/06/1998 (23),177cm,65kg,2019/2020,3
513,Stuart Armstrong,Southampton,17,Scotland,Midfielder,30/03/1992 (29),183cm,75kg,2018/2019,4
514,William Smallbone,Southampton,20,Ireland,Midfielder,21/02/2000 (21),NA,NA,2019/2020,4
515,Nathan Tella,Southampton,23,England,Midfielder,05/07/1999 (21),NA,NA,2019/2020,4
516,Ibrahima Diallo,Southampton,27,France,Midfielder,08/03/1999 (22),179cm,68kg,2020/2021,2
517,Will Ferry,Southampton,47,Ireland,Midfielder,07/12/2000 (20),176cm,68kg,2019/2020,4
518,Ryan Finnigan,Southampton,52,England,Midfielder,23/09/2003 (17),NA,NA,2020/2021,2
519,Alexandre Jankewitz,Southampton,64,Switzerland,Midfielder,25/12/2001 (19),179cm,75kg,2019/2020,3
520,Caleb Watts,Southampton,65,Australia,Midfielder,16/01/2002 (19),175cm,NA,2019/2020,3
521,Kgaogelo Chauke,Southampton,72,England,Midfielder,08/01/2003 (18),NA,NA,2020/2021,2
522,Danny Ings,Southampton,9,England,Forward,23/07/1992 (28),178cm,73kg,2014/2015,11
523,Che Adams,Southampton,10,Scotland,Forward,13/07/1996 (24),175cm,70kg,2019/2020,3
524,Michael Obafemi,Southampton,14,Ireland,Forward,06/07/2000 (20),169cm,71kg,2017/2018,5
525,Takumi Minamino,Southampton,19,Japan,Forward,16/01/1995 (26),174cm,68kg,2019/2020,4
526,Theo Walcott,Southampton,32,England,Forward,16/03/1989 (32),176cm,68kg,2005/2006,19
527,Daniel N'Lundulu,Southampton,40,England,Forward,05/02/1999 (22),NA,NA,2019/2020,4
528,Hugo Lloris,Tottenham Hotspur,1,France,Goalkeeper,26/12/1986 (34),188cm,82kg,2012/2013,10
529,Joe Hart,Tottenham Hotspur,12,England,Goalkeeper,19/04/1987 (34),196cm,91kg,2006/2007,15
530,Alfie Whiteman,Tottenham Hotspur,41,England,Goalkeeper,02/10/1998 (22),189cm,84kg,2016/2017,6
531,Matt Doherty,Tottenham Hotspur,2,Ireland,Defender,16/01/1992 (29),182cm,80kg,2010/2011,7
532,Sergio Reguilón,Tottenham Hotspur,3,Spain,Defender,16/12/1996 (24),178cm,68kg,2020/2021,2
533,Toby Alderweireld,Tottenham Hotspur,4,Belgium,Defender,02/03/1989 (32),186cm,81kg,2014/2015,8
534,Davinson Sánchez,Tottenham Hotspur,6,Colombia,Defender,12/06/1996 (25),187cm,81kg,2017/2018,5
535,Joe Rodon,Tottenham Hotspur,14,Wales,Defender,22/10/1997 (23),180cm,70kg,2015/2016,5
536,Serge Aurier,Tottenham Hotspur,24,NA,Defender,NA,NA,NA,2017/2018,5
537,Japhet Tanganga,Tottenham Hotspur,25,England,Defender,31/03/1999 (22),184cm,76kg,2018/2019,4
538,Ben Davies,Tottenham Hotspur,33,Wales,Defender,24/04/1993 (28),181cm,76kg,2011/2012,11
539,Dennis Cirkin,Tottenham Hotspur,49,England,Defender,06/04/2002 (19),181cm,78kg,2019/2020,4
540,Marcel Lavinier,Tottenham Hotspur,55,Portugal,Defender,16/12/2000 (20),180cm,NA,2020/2021,2
541,Pierre-Emile Højbjerg,Tottenham Hotspur,5,Denmark,Midfielder,05/08/1995 (25),187cm,84kg,2016/2017,7
542,Harry Winks,Tottenham Hotspur,8,England,Midfielder,02/02/1996 (25),178cm,65kg,2013/2014,10
543,Erik Lamela,Tottenham Hotspur,11,Argentina,Midfielder,04/03/1992 (29),181cm,79kg,2013/2014,9
544,Eric Dier,Tottenham Hotspur,15,England,Midfielder,15/01/1994 (27),188cm,88kg,2010/2011,10
545,Moussa Sissoko,Tottenham Hotspur,17,France,Midfielder,16/08/1989 (31),187cm,83kg,2012/2013,10
546,Giovani Lo Celso,Tottenham Hotspur,18,Argentina,Midfielder,09/04/1996 (25),177cm,68kg,2019/2020,3
547,Dele Alli,Tottenham Hotspur,20,England,Midfielder,11/04/1996 (25),188cm,76kg,2014/2015,8
548,Tanguy Ndombele,Tottenham Hotspur,28,France,Midfielder,28/12/1996 (24),181cm,76kg,2019/2020,3
549,Jamie Bowden,Tottenham Hotspur,44,Ireland,Midfielder,09/07/2001 (19),NA,NA,2018/2019,5
550,Alfie Devine,Tottenham Hotspur,54,England,Midfielder,01/08/2004 (16),179cm,75kg,2020/2021,3
551,Nile John,Tottenham Hotspur,57,England,Midfielder,06/03/2003 (18),NA,NA,2020/2021,2
552,Son Heung-Min,Tottenham Hotspur,7,South Korea,Forward,08/07/1992 (28),183cm,78kg,2015/2016,7
553,Gareth Bale,Tottenham Hotspur,9,Wales,Forward,16/07/1989 (31),185cm,81kg,2007/2008,9
554,Harry Kane,Tottenham Hotspur,10,England,Forward,28/07/1993 (27),188cm,86kg,2009/2010,14
555,Steven Bergwijn,Tottenham Hotspur,23,Netherlands,Forward,08/10/1997 (23),178cm,78kg,2019/2020,3
556,Lucas Moura,Tottenham Hotspur,27,Brazil,Forward,13/08/1992 (28),172cm,72kg,2017/2018,5
557,Carlos Vinícius,Tottenham Hotspur,45,Brazil,Forward,25/03/1995 (26),190cm,86kg,2020/2021,2
558,Dane Scarlett,Tottenham Hotspur,53,England,Forward,24/03/2004 (17),180cm,76kg,2020/2021,3
559,Dilan Markanday,Tottenham Hotspur,56,England,Forward,20/08/2001 (19),NA,NA,2020/2021,2
560,Ben Foster,Watford,1,England,Goalkeeper,03/04/1983 (38),193cm,79kg,2005/2006,17
561,Daniel Bachmann,Watford,26,Austria,Goalkeeper,09/07/1994 (26),191cm,81kg,2013/2014,8
562,Robert Elliot,Watford,33,Ireland,Goalkeeper,30/04/1986 (35),190cm,94kg,2002/2003,14
563,Adam Parkes,Watford,35,England,Goalkeeper,30/11/1999 (21),NA,NA,2019/2020,2
564,Jeremy Ngakia,Watford,3,England,Defender,07/09/2000 (20),NA,NA,2019/2020,2
565,William Troost-Ekong,Watford,5,Nigeria,Defender,01/09/1993 (27),191cm,82kg,2021/2022,1
566,Ben Wilmot,Stoke City,NA,England,Defender,04/11/1999 (21),188cm,80kg,2018/2019,3
567,Adam Masina,Watford,11,Morocco,Defender,02/01/1994 (27),189cm,78kg,2018/2019,3
568,Craig Cathcart,Watford,15,Northern Ireland,Defender,06/02/1989 (32),188cm,73kg,2006/2007,11
569,Achraf Lazaar,Watford,17,Morocco,Defender,22/01/1992 (29),184cm,80kg,2017/2018,4
570,Kiko Femenía,Watford,21,Spain,Defender,02/02/1991 (30),176cm,61kg,2017/2018,4
571,Christian Kabasele,Watford,27,Belgium,Defender,24/02/1991 (30),187cm,84kg,2016/2017,5
572,Francisco Sierralta,Watford,31,Chile,Defender,06/05/1997 (24),190cm,83kg,2021/2022,1
573,Marc Navarro,Watford,32,Spain,Defender,02/07/1995 (25),188cm,79kg,2018/2019,3
574,Mason Barrett,Watford,41,England,Defender,24/09/1999 (21),NA,NA,2019/2020,2
575,Toby Stevenson,Watford,47,England,Defender,22/11/1999 (21),NA,NA,2021/2022,1
576,Derek Agyakwa,Watford,45,Netherlands,Defender,19/12/2001 (19),NA,NA,2021/2022,1
577,Tom Cleverley,Watford,8,England,Midfielder,12/08/1989 (31),175cm,67kg,2007/2008,17
578,Ken Sema,Watford,12,Sweden,Midfielder,30/09/1993 (27),180cm,69kg,2018/2019,3
579,Nathaniel Chalobah,Watford,14,England,Midfielder,12/12/1994 (26),187cm,80kg,2010/2011,13
580,Dan Gosling,Watford,16,England,Midfielder,01/02/1990 (31),183cm,79kg,2007/2008,13
581,Will Hughes,Watford,19,England,Midfielder,17/04/1995 (26),185cm,74kg,2017/2018,4
582,Tom Dele-Bashiru,Watford,24,Nigeria,Midfielder,17/09/1999 (21),183cm,68kg,2017/2018,4
583,Carlos Sánchez,Watford,28,Colombia,Midfielder,06/02/1986 (35),182cm,80kg,2014/2015,5
584,Maurizio Pochettino,Watford,38,Spain,Midfielder,30/03/2001 (20),NA,NA,2021/2022,1
585,Joseph Hungbo,Watford,44,England,Midfielder,15/01/2000 (21),NA,NA,2019/2020,2
586,Kane Crichlow,Watford,49,Bermuda,Midfielder,21/08/2000 (20),NA,NA,2019/2020,2
587,Daniel Phillips,Watford,52,NA,Midfielder,NA,NA,NA,2021/2022,1
588,Imran Louza,Watford,NA,France,Midfielder,01/05/1999 (22),178cm,65kg,2021/2022,1
589,Daniel Phillips,Watford,52,NA,Midfielder,NA,NA,NA,2021/2022,1
590,Philip Zinckernagel,Watford,7,Denmark,Forward,16/12/1994 (26),175cm,70kg,2021/2022,1
591,Troy Deeney,Watford,9,England,Forward,29/06/1988 (32),183cm,90kg,2015/2016,6
592,João Pedro,Watford,10,Brazil,Forward,26/09/2001 (19),182cm,70kg,2019/2020,2
593,Andre Gray,Watford,18,Jamaica,Forward,26/06/1991 (30),178cm,83kg,2016/2017,5
594,Isaac Success,Watford,22,Nigeria,Forward,07/01/1996 (25),186cm,86kg,2016/2017,5
595,Ismaila Sarr,Watford,23,Senegal,Forward,25/02/1998 (23),185cm,76kg,2019/2020,2
596,Stipe Perica,Watford,25,Croatia,Forward,07/07/1995 (25),192cm,76kg,2013/2014,4
597,Emmanuel Dennis,Watford,NA,Nigeria,Forward,15/11/1997 (23),175cm,67kg,2021/2022,1
598,Lukasz Fabianski,West Ham United,1,Poland,Goalkeeper,18/04/1985 (36),190cm,83kg,2007/2008,15
599,David Martin,West Ham United,25,England,Goalkeeper,22/01/1986 (35),185cm,85kg,2005/2006,8
600,Nathan Trott,West Ham United,34,England,Goalkeeper,21/11/1998 (22),184cm,70kg,2017/2018,5
601,Darren Randolph,West Ham United,35,Ireland,Goalkeeper,12/05/1987 (34),188cm,98kg,2002/2003,11
602,Aaron Cresswell,West Ham United,3,England,Defender,15/12/1989 (31),170cm,66kg,2014/2015,8
603,Fabián Balbuena,West Ham United,4,Paraguay,Defender,23/08/1991 (29),188cm,82kg,2018/2019,4
604,Vladimir Coufal,West Ham United,5,NA,Defender,NA,NA,NA,2020/2021,2
605,Frederik Alves,West Ham United,14,Denmark,Defender,08/11/1999 (21),189cm,84kg,2020/2021,2
606,Craig Dawson,West Ham United,15,England,Defender,06/05/1990 (31),188cm,82kg,2010/2011,11
607,Angelo Ogbonna,West Ham United,21,Italy,Defender,23/05/1988 (33),191cm,86kg,2015/2016,7
608,Issa Diop,West Ham United,23,France,Defender,09/01/1997 (24),194cm,92kg,2018/2019,4
609,Ryan Fredericks,West Ham United,24,England,Defender,10/10/1992 (28),181cm,74kg,2009/2010,11
610,Arthur Masuaku,West Ham United,26,NA,Defender,NA,NA,NA,2016/2017,6
611,Ben Johnson,West Ham United,31,England,Defender,24/01/2000 (21),175cm,67kg,2017/2018,5
612,Harrison Ashby,West Ham United,50,Scotland,Defender,14/11/2001 (19),NA,NA,2020/2021,2
613,Jamal Baptiste,West Ham United,75,England,Defender,11/11/2003 (17),NA,NA,2020/2021,2
614,Manuel Lanzini,West Ham United,10,Argentina,Midfielder,15/02/1993 (28),167cm,59kg,2015/2016,7
615,Jesse Lingard,West Ham United,11,England,Midfielder,15/12/1992 (28),175cm,62kg,2011/2012,12
616,Mark Noble,West Ham United,16,England,Midfielder,08/05/1987 (34),180cm,70kg,2005/2006,16
617,Pablo Fornals,West Ham United,18,Spain,Midfielder,22/02/1996 (25),178cm,67kg,2019/2020,3
618,Tomas Soucek,West Ham United,28,NA,Midfielder,NA,NA,NA,2019/2020,3
619,Nathan Holland,West Ham United,37,England,Midfielder,19/06/1998 (23),178cm,70kg,2016/2017,6
620,Declan Rice,West Ham United,41,England,Midfielder,14/01/1999 (22),185cm,76kg,2016/2017,6
621,Conor Coventry,West Ham United,54,Ireland,Midfielder,25/03/2000 (21),177cm,NA,2018/2019,4
622,Andriy Yarmolenko,West Ham United,7,Ukraine,Forward,23/10/1989 (31),189cm,81kg,2018/2019,4
623,Saïd Benrahma,West Ham United,9,Algeria,Forward,10/08/1995 (25),172cm,67kg,2020/2021,3
624,Jarrod Bowen,West Ham United,20,England,Forward,20/12/1996 (24),175cm,70kg,2016/2017,4
625,Michail Antonio,West Ham United,30,England,Forward,28/03/1990 (31),180cm,82kg,2015/2016,7
626,Ademipo Odubeko,West Ham United,45,Ireland,Forward,21/10/2002 (18),NA,NA,2020/2021,3
627,Emmanuel Longelo,West Ham United,56,England,Forward,27/12/2000 (20),NA,NA,2020/2021,2
628,Rui Patrício,Wolverhampton Wanderers,11,Portugal,Goalkeeper,15/02/1988 (33),190cm,84kg,2018/2019,4
629,John Ruddy,Wolverhampton Wanderers,21,England,Goalkeeper,24/10/1986 (34),193cm,97kg,2005/2006,13
630,Andreas Söndergaard,Wolverhampton Wanderers,62,Denmark,Goalkeeper,17/01/2001 (20),189cm,NA,2019/2020,4
631,Ki-Jana Hoever,Wolverhampton Wanderers,2,Netherlands,Defender,18/01/2002 (19),180cm,65kg,2018/2019,5
632,Rayan Aït-Nouri,Wolverhampton Wanderers,3,France,Defender,06/06/2001 (20),179cm,70kg,2020/2021,2
633,Marçal,Wolverhampton Wanderers,5,Brazil,Defender,19/02/1989 (32),178cm,74kg,2020/2021,2
634,Willy Boly,Wolverhampton Wanderers,15,NA,Defender,NA,NA,NA,2018/2019,4
635,Conor Coady,Wolverhampton Wanderers,16,England,Defender,25/02/1993 (28),185cm,73kg,2010/2011,8
636,Jonny,Wolverhampton Wanderers,19,Spain,Defender,03/03/1994 (27),175cm,70kg,2018/2019,6
637,Nélson Semedo,Wolverhampton Wanderers,22,Portugal,Defender,16/11/1993 (27),177cm,67kg,2020/2021,2
638,Lewis Richards,Wolverhampton Wanderers,42,Ireland,Defender,15/10/2001 (19),NA,NA,2019/2020,4
639,Maximilian Kilman,Wolverhampton Wanderers,49,England,Defender,23/05/1997 (24),NA,NA,2018/2019,4
640,Nigel Lonwijk,Wolverhampton Wanderers,57,Netherlands,Defender,27/10/2002 (18),188cm,74kg,2020/2021,2
641,Hugo Bueno,Wolverhampton Wanderers,64,Spain,Defender,18/09/2002 (18),180cm,73kg,2020/2021,2
642,Christian Marques,Wolverhampton Wanderers,75,Switzerland,Defender,15/01/2003 (18),187cm,NA,2019/2020,4
643,Yerson Mosquera,Wolverhampton Wanderers,NA,Colombia,Defender,02/05/2001 (20),187cm,76kg,2021/2022,1
644,Rúben Neves,Wolverhampton Wanderers,8,Portugal,Midfielder,13/03/1997 (24),180cm,80kg,2018/2019,4
645,Daniel Podence,Wolverhampton Wanderers,10,Portugal,Midfielder,21/10/1995 (25),165cm,58kg,2019/2020,3
646,Morgan Gibbs-White,Wolverhampton Wanderers,18,England,Midfielder,27/01/2000 (21),171cm,NA,2018/2019,5
647,Vitinha,Wolverhampton Wanderers,20,Portugal,Midfielder,13/02/2000 (21),172cm,64kg,2020/2021,2
648,Taylor Perry,Wolverhampton Wanderers,26,England,Midfielder,15/07/2001 (19),NA,NA,2019/2020,4
649,Romain Saïss,Wolverhampton Wanderers,27,Morocco,Midfielder,26/03/1990 (31),190cm,80kg,2018/2019,4
650,João Moutinho,Wolverhampton Wanderers,28,Portugal,Midfielder,08/09/1986 (34),170cm,61kg,2018/2019,4
651,Leander Dendoncker,Wolverhampton Wanderers,32,Belgium,Midfielder,15/04/1995 (26),188cm,83kg,2018/2019,5
652,Luke Cundle,Wolverhampton Wanderers,39,England,Midfielder,26/04/2002 (19),NA,NA,2019/2020,4
653,Owen Otasowie,Wolverhampton Wanderers,54,United States,Midfielder,06/01/2001 (20),183cm,82kg,2019/2020,4
654,Pedro Neto,Wolverhampton Wanderers,7,Portugal,Forward,09/03/2000 (21),172cm,69kg,2019/2020,3
655,Raúl Jiménez,Wolverhampton Wanderers,9,Mexico,Forward,05/05/1991 (30),190cm,76kg,2018/2019,5
656,Willian José,Wolverhampton Wanderers,12,Brazil,Forward,23/11/1991 (29),189cm,93kg,2020/2021,2
657,Fábio Silva,Wolverhampton Wanderers,17,Portugal,Forward,19/07/2002 (18),185cm,75kg,2020/2021,2
658,Leonardo Campana,Wolverhampton Wanderers,30,Ecuador,Forward,24/07/2000 (20),187cm,79kg,2019/2020,4
659,Adama Traoré,Wolverhampton Wanderers,37,Spain,Forward,25/01/1996 (25),178cm,72kg,2015/2016,6
660,Theo Corbeanu,Wolverhampton Wanderers,60,Canada,Forward,17/05/2002 (19),190cm,78kg,2019/2020,3
